==167132== NVPROF is profiling process 167132, command: /p/vast1/ggeorgak/projects/compilers/numba/test/HeCBench/src/minibude-omp/main --deck /p/vast1/ggeorgak/projects/compilers/numba/test/HeCBench/data/minibude/data/bm1 --wgsize 256 --iterations 100
==167132== Profiling application: /p/vast1/ggeorgak/projects/compilers/numba/test/HeCBench/src/minibude-omp/main --deck /p/vast1/ggeorgak/projects/compilers/numba/test/HeCBench/data/minibude/data/bm1 --wgsize 256 --iterations 100
==167132== Profiling result:
"Start","Duration","Grid X","Grid Y","Grid Z","Block X","Block Y","Block Z","Registers Per Thread","Static SMem","Dynamic SMem","Size","Throughput","SrcMemType","DstMemType","Device","Context","Stream","Name","Correlation_ID"
us,us,,,,,,,,KB,B,KB,GB/s,,,,,,,
395094.179000,2.592000,,,,,,,,,,0.000977,0.000359,"Device","Pageable","Tesla V100-SXM2-16GB (0)","1","7","[CUDA memcpy DtoH]",102
395145.188000,1.470000,,,,,,,,,,0.015625,0.010137,"Pageable","Device","Tesla V100-SXM2-16GB (0)","1","7","[CUDA memcpy HtoD]",104
395451.521000,2.817000,,,,,,,,,,14.656250,4.961764,"Pageable","Device","Tesla V100-SXM2-16GB (0)","1","16","[CUDA memcpy HtoD]",108
395499.137000,1.344000,,,,,,,,,,0.406250,0.288267,"Pageable","Device","Tesla V100-SXM2-16GB (0)","1","16","[CUDA memcpy HtoD]",114
395551.202000,9.632000,,,,,,,,,,256.000000,25.346826,"Pageable","Device","Tesla V100-SXM2-16GB (0)","1","16","[CUDA memcpy HtoD]",120
395597.538000,8.992000,,,,,,,,,,256.000000,27.150870,"Pageable","Device","Tesla V100-SXM2-16GB (0)","1","16","[CUDA memcpy HtoD]",127
395641.472000,8.098000,,,,,,,,,,256.000000,30.148262,"Pageable","Device","Tesla V100-SXM2-16GB (0)","1","16","[CUDA memcpy HtoD]",132
395690.369000,8.480000,,,,,,,,,,256.000000,28.790168,"Pageable","Device","Tesla V100-SXM2-16GB (0)","1","16","[CUDA memcpy HtoD]",141
395733.249000,7.839000,,,,,,,,,,256.000000,31.144358,"Pageable","Device","Tesla V100-SXM2-16GB (0)","1","16","[CUDA memcpy HtoD]",146
395775.425000,8.480000,,,,,,,,,,256.000000,28.790168,"Pageable","Device","Tesla V100-SXM2-16GB (0)","1","16","[CUDA memcpy HtoD]",151
395795.458000,1.374000,,,,,,,,,,0.531250,0.368733,"Pageable","Device","Tesla V100-SXM2-16GB (0)","1","16","[CUDA memcpy HtoD]",156
396287.711000,38772.239000,256,1,1,256,1,1,149,10.757812,0,,,,,"Tesla V100-SXM2-16GB (0)","1","16","__omp_offloading_4d_546d56a0__Z11fasten_mainmimmmmPK4AtomS1_PKfS3_S3_S3_S3_S3_PK8FFParamsPf_l40",180
435180.305000,38697.105000,256,1,1,256,1,1,149,10.757812,0,,,,,"Tesla V100-SXM2-16GB (0)","1","16","__omp_offloading_4d_546d56a0__Z11fasten_mainmimmmmPK4AtomS1_PKfS3_S3_S3_S3_S3_PK8FFParamsPf_l40",192
473985.254000,38706.414000,256,1,1,256,1,1,149,10.757812,0,,,,,"Tesla V100-SXM2-16GB (0)","1","16","__omp_offloading_4d_546d56a0__Z11fasten_mainmimmmmPK4AtomS1_PKfS3_S3_S3_S3_S3_PK8FFParamsPf_l40",204
512800.856000,38695.089000,256,1,1,256,1,1,149,10.757812,0,,,,,"Tesla V100-SXM2-16GB (0)","1","16","__omp_offloading_4d_546d56a0__Z11fasten_mainmimmmmPK4AtomS1_PKfS3_S3_S3_S3_S3_PK8FFParamsPf_l40",216
551601.164000,38701.681000,256,1,1,256,1,1,149,10.757812,0,,,,,"Tesla V100-SXM2-16GB (0)","1","16","__omp_offloading_4d_546d56a0__Z11fasten_mainmimmmmPK4AtomS1_PKfS3_S3_S3_S3_S3_PK8FFParamsPf_l40",228
590407.359000,38706.897000,256,1,1,256,1,1,149,10.757812,0,,,,,"Tesla V100-SXM2-16GB (0)","1","16","__omp_offloading_4d_546d56a0__Z11fasten_mainmimmmmPK4AtomS1_PKfS3_S3_S3_S3_S3_PK8FFParamsPf_l40",240
629239.187000,38702.095000,256,1,1,256,1,1,149,10.757812,0,,,,,"Tesla V100-SXM2-16GB (0)","1","16","__omp_offloading_4d_546d56a0__Z11fasten_mainmimmmmPK4AtomS1_PKfS3_S3_S3_S3_S3_PK8FFParamsPf_l40",252
668061.671000,38704.848000,256,1,1,256,1,1,149,10.757812,0,,,,,"Tesla V100-SXM2-16GB (0)","1","16","__omp_offloading_4d_546d56a0__Z11fasten_mainmimmmmPK4AtomS1_PKfS3_S3_S3_S3_S3_PK8FFParamsPf_l40",264
706893.753000,38709.969000,256,1,1,256,1,1,149,10.757812,0,,,,,"Tesla V100-SXM2-16GB (0)","1","16","__omp_offloading_4d_546d56a0__Z11fasten_mainmimmmmPK4AtomS1_PKfS3_S3_S3_S3_S3_PK8FFParamsPf_l40",276
745751.020000,38705.554000,256,1,1,256,1,1,149,10.757812,0,,,,,"Tesla V100-SXM2-16GB (0)","1","16","__omp_offloading_4d_546d56a0__Z11fasten_mainmimmmmPK4AtomS1_PKfS3_S3_S3_S3_S3_PK8FFParamsPf_l40",288
784575.265000,38709.711000,256,1,1,256,1,1,149,10.757812,0,,,,,"Tesla V100-SXM2-16GB (0)","1","16","__omp_offloading_4d_546d56a0__Z11fasten_mainmimmmmPK4AtomS1_PKfS3_S3_S3_S3_S3_PK8FFParamsPf_l40",300
823406.805000,38709.166000,256,1,1,256,1,1,149,10.757812,0,,,,,"Tesla V100-SXM2-16GB (0)","1","16","__omp_offloading_4d_546d56a0__Z11fasten_mainmimmmmPK4AtomS1_PKfS3_S3_S3_S3_S3_PK8FFParamsPf_l40",312
862267.878000,38712.913000,256,1,1,256,1,1,149,10.757812,0,,,,,"Tesla V100-SXM2-16GB (0)","1","16","__omp_offloading_4d_546d56a0__Z11fasten_mainmimmmmPK4AtomS1_PKfS3_S3_S3_S3_S3_PK8FFParamsPf_l40",324
901093.627000,38703.342000,256,1,1,256,1,1,149,10.757812,0,,,,,"Tesla V100-SXM2-16GB (0)","1","16","__omp_offloading_4d_546d56a0__Z11fasten_mainmimmmmPK4AtomS1_PKfS3_S3_S3_S3_S3_PK8FFParamsPf_l40",336
939914.094000,38709.263000,256,1,1,256,1,1,149,10.757812,0,,,,,"Tesla V100-SXM2-16GB (0)","1","16","__omp_offloading_4d_546d56a0__Z11fasten_mainmimmmmPK4AtomS1_PKfS3_S3_S3_S3_S3_PK8FFParamsPf_l40",348
978728.865000,38704.913000,256,1,1,256,1,1,149,10.757812,0,,,,,"Tesla V100-SXM2-16GB (0)","1","16","__omp_offloading_4d_546d56a0__Z11fasten_mainmimmmmPK4AtomS1_PKfS3_S3_S3_S3_S3_PK8FFParamsPf_l40",360
1017537.524000,38704.880000,256,1,1,256,1,1,149,10.757812,0,,,,,"Tesla V100-SXM2-16GB (0)","1","16","__omp_offloading_4d_546d56a0__Z11fasten_mainmimmmmPK4AtomS1_PKfS3_S3_S3_S3_S3_PK8FFParamsPf_l40",372
1056346.439000,38692.816000,256,1,1,256,1,1,149,10.757812,0,,,,,"Tesla V100-SXM2-16GB (0)","1","16","__omp_offloading_4d_546d56a0__Z11fasten_mainmimmmmPK4AtomS1_PKfS3_S3_S3_S3_S3_PK8FFParamsPf_l40",384
1095143.515000,38706.833000,256,1,1,256,1,1,149,10.757812,0,,,,,"Tesla V100-SXM2-16GB (0)","1","16","__omp_offloading_4d_546d56a0__Z11fasten_mainmimmmmPK4AtomS1_PKfS3_S3_S3_S3_S3_PK8FFParamsPf_l40",396
1133953.743000,38703.631000,256,1,1,256,1,1,149,10.757812,0,,,,,"Tesla V100-SXM2-16GB (0)","1","16","__omp_offloading_4d_546d56a0__Z11fasten_mainmimmmmPK4AtomS1_PKfS3_S3_S3_S3_S3_PK8FFParamsPf_l40",408
1172762.467000,38707.311000,256,1,1,256,1,1,149,10.757812,0,,,,,"Tesla V100-SXM2-16GB (0)","1","16","__omp_offloading_4d_546d56a0__Z11fasten_mainmimmmmPK4AtomS1_PKfS3_S3_S3_S3_S3_PK8FFParamsPf_l40",420
1211575.190000,38697.615000,256,1,1,256,1,1,149,10.757812,0,,,,,"Tesla V100-SXM2-16GB (0)","1","16","__omp_offloading_4d_546d56a0__Z11fasten_mainmimmmmPK4AtomS1_PKfS3_S3_S3_S3_S3_PK8FFParamsPf_l40",432
1250376.745000,38699.951000,256,1,1,256,1,1,149,10.757812,0,,,,,"Tesla V100-SXM2-16GB (0)","1","16","__omp_offloading_4d_546d56a0__Z11fasten_mainmimmmmPK4AtomS1_PKfS3_S3_S3_S3_S3_PK8FFParamsPf_l40",444
1289181.724000,38700.112000,256,1,1,256,1,1,149,10.757812,0,,,,,"Tesla V100-SXM2-16GB (0)","1","16","__omp_offloading_4d_546d56a0__Z11fasten_mainmimmmmPK4AtomS1_PKfS3_S3_S3_S3_S3_PK8FFParamsPf_l40",456
1327985.552000,38705.967000,256,1,1,256,1,1,149,10.757812,0,,,,,"Tesla V100-SXM2-16GB (0)","1","16","__omp_offloading_4d_546d56a0__Z11fasten_mainmimmmmPK4AtomS1_PKfS3_S3_S3_S3_S3_PK8FFParamsPf_l40",468
1366796.291000,38702.448000,256,1,1,256,1,1,149,10.757812,0,,,,,"Tesla V100-SXM2-16GB (0)","1","16","__omp_offloading_4d_546d56a0__Z11fasten_mainmimmmmPK4AtomS1_PKfS3_S3_S3_S3_S3_PK8FFParamsPf_l40",480
1405603.607000,38718.160000,256,1,1,256,1,1,149,10.757812,0,,,,,"Tesla V100-SXM2-16GB (0)","1","16","__omp_offloading_4d_546d56a0__Z11fasten_mainmimmmmPK4AtomS1_PKfS3_S3_S3_S3_S3_PK8FFParamsPf_l40",492
1444426.731000,38711.727000,256,1,1,256,1,1,149,10.757812,0,,,,,"Tesla V100-SXM2-16GB (0)","1","16","__omp_offloading_4d_546d56a0__Z11fasten_mainmimmmmPK4AtomS1_PKfS3_S3_S3_S3_S3_PK8FFParamsPf_l40",504
1483243.901000,38710.960000,256,1,1,256,1,1,149,10.757812,0,,,,,"Tesla V100-SXM2-16GB (0)","1","16","__omp_offloading_4d_546d56a0__Z11fasten_mainmimmmmPK4AtomS1_PKfS3_S3_S3_S3_S3_PK8FFParamsPf_l40",516
1522057.969000,38697.967000,256,1,1,256,1,1,149,10.757812,0,,,,,"Tesla V100-SXM2-16GB (0)","1","16","__omp_offloading_4d_546d56a0__Z11fasten_mainmimmmmPK4AtomS1_PKfS3_S3_S3_S3_S3_PK8FFParamsPf_l40",528
1560858.884000,38699.728000,256,1,1,256,1,1,149,10.757812,0,,,,,"Tesla V100-SXM2-16GB (0)","1","16","__omp_offloading_4d_546d56a0__Z11fasten_mainmimmmmPK4AtomS1_PKfS3_S3_S3_S3_S3_PK8FFParamsPf_l40",540
1599662.552000,38688.593000,256,1,1,256,1,1,149,10.757812,0,,,,,"Tesla V100-SXM2-16GB (0)","1","16","__omp_offloading_4d_546d56a0__Z11fasten_mainmimmmmPK4AtomS1_PKfS3_S3_S3_S3_S3_PK8FFParamsPf_l40",552
1638454.284000,38714.990000,256,1,1,256,1,1,149,10.757812,0,,,,,"Tesla V100-SXM2-16GB (0)","1","16","__omp_offloading_4d_546d56a0__Z11fasten_mainmimmmmPK4AtomS1_PKfS3_S3_S3_S3_S3_PK8FFParamsPf_l40",564
1677272.160000,38701.422000,256,1,1,256,1,1,149,10.757812,0,,,,,"Tesla V100-SXM2-16GB (0)","1","16","__omp_offloading_4d_546d56a0__Z11fasten_mainmimmmmPK4AtomS1_PKfS3_S3_S3_S3_S3_PK8FFParamsPf_l40",576
1716078.354000,38703.921000,256,1,1,256,1,1,149,10.757812,0,,,,,"Tesla V100-SXM2-16GB (0)","1","16","__omp_offloading_4d_546d56a0__Z11fasten_mainmimmmmPK4AtomS1_PKfS3_S3_S3_S3_S3_PK8FFParamsPf_l40",588
1754884.869000,38702.128000,256,1,1,256,1,1,149,10.757812,0,,,,,"Tesla V100-SXM2-16GB (0)","1","16","__omp_offloading_4d_546d56a0__Z11fasten_mainmimmmmPK4AtomS1_PKfS3_S3_S3_S3_S3_PK8FFParamsPf_l40",600
1793689.017000,38703.760000,256,1,1,256,1,1,149,10.757812,0,,,,,"Tesla V100-SXM2-16GB (0)","1","16","__omp_offloading_4d_546d56a0__Z11fasten_mainmimmmmPK4AtomS1_PKfS3_S3_S3_S3_S3_PK8FFParamsPf_l40",612
1832498.893000,38691.312000,256,1,1,256,1,1,149,10.757812,0,,,,,"Tesla V100-SXM2-16GB (0)","1","16","__omp_offloading_4d_546d56a0__Z11fasten_mainmimmmmPK4AtomS1_PKfS3_S3_S3_S3_S3_PK8FFParamsPf_l40",624
1871297.600000,38702.832000,256,1,1,256,1,1,149,10.757812,0,,,,,"Tesla V100-SXM2-16GB (0)","1","16","__omp_offloading_4d_546d56a0__Z11fasten_mainmimmmmPK4AtomS1_PKfS3_S3_S3_S3_S3_PK8FFParamsPf_l40",636
1910102.708000,38711.632000,256,1,1,256,1,1,149,10.757812,0,,,,,"Tesla V100-SXM2-16GB (0)","1","16","__omp_offloading_4d_546d56a0__Z11fasten_mainmimmmmPK4AtomS1_PKfS3_S3_S3_S3_S3_PK8FFParamsPf_l40",648
1948924.807000,38703.600000,256,1,1,256,1,1,149,10.757812,0,,,,,"Tesla V100-SXM2-16GB (0)","1","16","__omp_offloading_4d_546d56a0__Z11fasten_mainmimmmmPK4AtomS1_PKfS3_S3_S3_S3_S3_PK8FFParamsPf_l40",660
1987745.018000,38742.416000,256,1,1,256,1,1,149,10.757812,0,,,,,"Tesla V100-SXM2-16GB (0)","1","16","__omp_offloading_4d_546d56a0__Z11fasten_mainmimmmmPK4AtomS1_PKfS3_S3_S3_S3_S3_PK8FFParamsPf_l40",672
2026601.164000,38709.714000,256,1,1,256,1,1,149,10.757812,0,,,,,"Tesla V100-SXM2-16GB (0)","1","16","__omp_offloading_4d_546d56a0__Z11fasten_mainmimmmmPK4AtomS1_PKfS3_S3_S3_S3_S3_PK8FFParamsPf_l40",684
2065421.472000,38714.576000,256,1,1,256,1,1,149,10.757812,0,,,,,"Tesla V100-SXM2-16GB (0)","1","16","__omp_offloading_4d_546d56a0__Z11fasten_mainmimmmmPK4AtomS1_PKfS3_S3_S3_S3_S3_PK8FFParamsPf_l40",696
2104264.277000,38698.094000,256,1,1,256,1,1,149,10.757812,0,,,,,"Tesla V100-SXM2-16GB (0)","1","16","__omp_offloading_4d_546d56a0__Z11fasten_mainmimmmmPK4AtomS1_PKfS3_S3_S3_S3_S3_PK8FFParamsPf_l40",708
2143083.399000,38712.080000,256,1,1,256,1,1,149,10.757812,0,,,,,"Tesla V100-SXM2-16GB (0)","1","16","__omp_offloading_4d_546d56a0__Z11fasten_mainmimmmmPK4AtomS1_PKfS3_S3_S3_S3_S3_PK8FFParamsPf_l40",720
2181902.747000,38677.519000,256,1,1,256,1,1,149,10.757812,0,,,,,"Tesla V100-SXM2-16GB (0)","1","16","__omp_offloading_4d_546d56a0__Z11fasten_mainmimmmmPK4AtomS1_PKfS3_S3_S3_S3_S3_PK8FFParamsPf_l40",732
2220695.534000,38697.169000,256,1,1,256,1,1,149,10.757812,0,,,,,"Tesla V100-SXM2-16GB (0)","1","16","__omp_offloading_4d_546d56a0__Z11fasten_mainmimmmmPK4AtomS1_PKfS3_S3_S3_S3_S3_PK8FFParamsPf_l40",744
2259512.033000,38689.905000,256,1,1,256,1,1,149,10.757812,0,,,,,"Tesla V100-SXM2-16GB (0)","1","16","__omp_offloading_4d_546d56a0__Z11fasten_mainmimmmmPK4AtomS1_PKfS3_S3_S3_S3_S3_PK8FFParamsPf_l40",756
2298306.070000,38698.670000,256,1,1,256,1,1,149,10.757812,0,,,,,"Tesla V100-SXM2-16GB (0)","1","16","__omp_offloading_4d_546d56a0__Z11fasten_mainmimmmmPK4AtomS1_PKfS3_S3_S3_S3_S3_PK8FFParamsPf_l40",768
2337108.264000,38687.568000,256,1,1,256,1,1,149,10.757812,0,,,,,"Tesla V100-SXM2-16GB (0)","1","16","__omp_offloading_4d_546d56a0__Z11fasten_mainmimmmmPK4AtomS1_PKfS3_S3_S3_S3_S3_PK8FFParamsPf_l40",780
2375899.196000,38696.303000,256,1,1,256,1,1,149,10.757812,0,,,,,"Tesla V100-SXM2-16GB (0)","1","16","__omp_offloading_4d_546d56a0__Z11fasten_mainmimmmmPK4AtomS1_PKfS3_S3_S3_S3_S3_PK8FFParamsPf_l40",792
2414699.152000,38698.704000,256,1,1,256,1,1,149,10.757812,0,,,,,"Tesla V100-SXM2-16GB (0)","1","16","__omp_offloading_4d_546d56a0__Z11fasten_mainmimmmmPK4AtomS1_PKfS3_S3_S3_S3_S3_PK8FFParamsPf_l40",804
2453503.652000,38692.880000,256,1,1,256,1,1,149,10.757812,0,,,,,"Tesla V100-SXM2-16GB (0)","1","16","__omp_offloading_4d_546d56a0__Z11fasten_mainmimmmmPK4AtomS1_PKfS3_S3_S3_S3_S3_PK8FFParamsPf_l40",816
2492300.311000,38703.694000,256,1,1,256,1,1,149,10.757812,0,,,,,"Tesla V100-SXM2-16GB (0)","1","16","__omp_offloading_4d_546d56a0__Z11fasten_mainmimmmmPK4AtomS1_PKfS3_S3_S3_S3_S3_PK8FFParamsPf_l40",828
2531118.506000,38709.680000,256,1,1,256,1,1,149,10.757812,0,,,,,"Tesla V100-SXM2-16GB (0)","1","16","__omp_offloading_4d_546d56a0__Z11fasten_mainmimmmmPK4AtomS1_PKfS3_S3_S3_S3_S3_PK8FFParamsPf_l40",840
2569933.118000,38720.143000,256,1,1,256,1,1,149,10.757812,0,,,,,"Tesla V100-SXM2-16GB (0)","1","16","__omp_offloading_4d_546d56a0__Z11fasten_mainmimmmmPK4AtomS1_PKfS3_S3_S3_S3_S3_PK8FFParamsPf_l40",852
2608762.640000,38715.633000,256,1,1,256,1,1,149,10.757812,0,,,,,"Tesla V100-SXM2-16GB (0)","1","16","__omp_offloading_4d_546d56a0__Z11fasten_mainmimmmmPK4AtomS1_PKfS3_S3_S3_S3_S3_PK8FFParamsPf_l40",864
2647580.645000,38708.238000,256,1,1,256,1,1,149,10.757812,0,,,,,"Tesla V100-SXM2-16GB (0)","1","16","__omp_offloading_4d_546d56a0__Z11fasten_mainmimmmmPK4AtomS1_PKfS3_S3_S3_S3_S3_PK8FFParamsPf_l40",876
2686390.872000,38703.022000,256,1,1,256,1,1,149,10.757812,0,,,,,"Tesla V100-SXM2-16GB (0)","1","16","__omp_offloading_4d_546d56a0__Z11fasten_mainmimmmmPK4AtomS1_PKfS3_S3_S3_S3_S3_PK8FFParamsPf_l40",888
2725196.971000,38700.239000,256,1,1,256,1,1,149,10.757812,0,,,,,"Tesla V100-SXM2-16GB (0)","1","16","__omp_offloading_4d_546d56a0__Z11fasten_mainmimmmmPK4AtomS1_PKfS3_S3_S3_S3_S3_PK8FFParamsPf_l40",900
2764000.287000,38708.399000,256,1,1,256,1,1,149,10.757812,0,,,,,"Tesla V100-SXM2-16GB (0)","1","16","__omp_offloading_4d_546d56a0__Z11fasten_mainmimmmmPK4AtomS1_PKfS3_S3_S3_S3_S3_PK8FFParamsPf_l40",912
2802810.897000,38701.777000,256,1,1,256,1,1,149,10.757812,0,,,,,"Tesla V100-SXM2-16GB (0)","1","16","__omp_offloading_4d_546d56a0__Z11fasten_mainmimmmmPK4AtomS1_PKfS3_S3_S3_S3_S3_PK8FFParamsPf_l40",924
2841615.430000,38725.807000,256,1,1,256,1,1,149,10.757812,0,,,,,"Tesla V100-SXM2-16GB (0)","1","16","__omp_offloading_4d_546d56a0__Z11fasten_mainmimmmmPK4AtomS1_PKfS3_S3_S3_S3_S3_PK8FFParamsPf_l40",936
2880442.009000,38717.135000,256,1,1,256,1,1,149,10.757812,0,,,,,"Tesla V100-SXM2-16GB (0)","1","16","__omp_offloading_4d_546d56a0__Z11fasten_mainmimmmmPK4AtomS1_PKfS3_S3_S3_S3_S3_PK8FFParamsPf_l40",948
2934669.684000,38713.104000,256,1,1,256,1,1,149,10.757812,0,,,,,"Tesla V100-SXM2-16GB (0)","1","16","__omp_offloading_4d_546d56a0__Z11fasten_mainmimmmmPK4AtomS1_PKfS3_S3_S3_S3_S3_PK8FFParamsPf_l40",960
2973484.711000,38708.721000,256,1,1,256,1,1,149,10.757812,0,,,,,"Tesla V100-SXM2-16GB (0)","1","16","__omp_offloading_4d_546d56a0__Z11fasten_mainmimmmmPK4AtomS1_PKfS3_S3_S3_S3_S3_PK8FFParamsPf_l40",972
3012296.282000,38688.048000,256,1,1,256,1,1,149,10.757812,0,,,,,"Tesla V100-SXM2-16GB (0)","1","16","__omp_offloading_4d_546d56a0__Z11fasten_mainmimmmmPK4AtomS1_PKfS3_S3_S3_S3_S3_PK8FFParamsPf_l40",984
3051088.110000,38726.512000,256,1,1,256,1,1,149,10.757812,0,,,,,"Tesla V100-SXM2-16GB (0)","1","16","__omp_offloading_4d_546d56a0__Z11fasten_mainmimmmmPK4AtomS1_PKfS3_S3_S3_S3_S3_PK8FFParamsPf_l40",996
3089921.409000,38708.528000,256,1,1,256,1,1,149,10.757812,0,,,,,"Tesla V100-SXM2-16GB (0)","1","16","__omp_offloading_4d_546d56a0__Z11fasten_mainmimmmmPK4AtomS1_PKfS3_S3_S3_S3_S3_PK8FFParamsPf_l40",1008
3128733.557000,38716.336000,256,1,1,256,1,1,149,10.757812,0,,,,,"Tesla V100-SXM2-16GB (0)","1","16","__omp_offloading_4d_546d56a0__Z11fasten_mainmimmmmPK4AtomS1_PKfS3_S3_S3_S3_S3_PK8FFParamsPf_l40",1020
3167554.536000,38725.168000,256,1,1,256,1,1,149,10.757812,0,,,,,"Tesla V100-SXM2-16GB (0)","1","16","__omp_offloading_4d_546d56a0__Z11fasten_mainmimmmmPK4AtomS1_PKfS3_S3_S3_S3_S3_PK8FFParamsPf_l40",1032
3206392.251000,38696.657000,256,1,1,256,1,1,149,10.757812,0,,,,,"Tesla V100-SXM2-16GB (0)","1","16","__omp_offloading_4d_546d56a0__Z11fasten_mainmimmmmPK4AtomS1_PKfS3_S3_S3_S3_S3_PK8FFParamsPf_l40",1044
3245194.959000,38718.448000,256,1,1,256,1,1,149,10.757812,0,,,,,"Tesla V100-SXM2-16GB (0)","1","16","__omp_offloading_4d_546d56a0__Z11fasten_mainmimmmmPK4AtomS1_PKfS3_S3_S3_S3_S3_PK8FFParamsPf_l40",1056
3284037.059000,38709.135000,256,1,1,256,1,1,149,10.757812,0,,,,,"Tesla V100-SXM2-16GB (0)","1","16","__omp_offloading_4d_546d56a0__Z11fasten_mainmimmmmPK4AtomS1_PKfS3_S3_S3_S3_S3_PK8FFParamsPf_l40",1068
3322850.359000,38710.063000,256,1,1,256,1,1,149,10.757812,0,,,,,"Tesla V100-SXM2-16GB (0)","1","16","__omp_offloading_4d_546d56a0__Z11fasten_mainmimmmmPK4AtomS1_PKfS3_S3_S3_S3_S3_PK8FFParamsPf_l40",1080
3361665.866000,38719.982000,256,1,1,256,1,1,149,10.757812,0,,,,,"Tesla V100-SXM2-16GB (0)","1","16","__omp_offloading_4d_546d56a0__Z11fasten_mainmimmmmPK4AtomS1_PKfS3_S3_S3_S3_S3_PK8FFParamsPf_l40",1092
3400502.204000,38701.840000,256,1,1,256,1,1,149,10.757812,0,,,,,"Tesla V100-SXM2-16GB (0)","1","16","__omp_offloading_4d_546d56a0__Z11fasten_mainmimmmmPK4AtomS1_PKfS3_S3_S3_S3_S3_PK8FFParamsPf_l40",1104
3439322.449000,38706.448000,256,1,1,256,1,1,149,10.757812,0,,,,,"Tesla V100-SXM2-16GB (0)","1","16","__omp_offloading_4d_546d56a0__Z11fasten_mainmimmmmPK4AtomS1_PKfS3_S3_S3_S3_S3_PK8FFParamsPf_l40",1116
3478814.434000,38738.064000,256,1,1,256,1,1,149,10.757812,0,,,,,"Tesla V100-SXM2-16GB (0)","1","16","__omp_offloading_4d_546d56a0__Z11fasten_mainmimmmmPK4AtomS1_PKfS3_S3_S3_S3_S3_PK8FFParamsPf_l40",1128
3517659.092000,38704.688000,256,1,1,256,1,1,149,10.757812,0,,,,,"Tesla V100-SXM2-16GB (0)","1","16","__omp_offloading_4d_546d56a0__Z11fasten_mainmimmmmPK4AtomS1_PKfS3_S3_S3_S3_S3_PK8FFParamsPf_l40",1140
3556468.583000,38705.169000,256,1,1,256,1,1,149,10.757812,0,,,,,"Tesla V100-SXM2-16GB (0)","1","16","__omp_offloading_4d_546d56a0__Z11fasten_mainmimmmmPK4AtomS1_PKfS3_S3_S3_S3_S3_PK8FFParamsPf_l40",1152
3595276.764000,38709.456000,256,1,1,256,1,1,149,10.757812,0,,,,,"Tesla V100-SXM2-16GB (0)","1","16","__omp_offloading_4d_546d56a0__Z11fasten_mainmimmmmPK4AtomS1_PKfS3_S3_S3_S3_S3_PK8FFParamsPf_l40",1164
3634090.798000,38711.696000,256,1,1,256,1,1,149,10.757812,0,,,,,"Tesla V100-SXM2-16GB (0)","1","16","__omp_offloading_4d_546d56a0__Z11fasten_mainmimmmmPK4AtomS1_PKfS3_S3_S3_S3_S3_PK8FFParamsPf_l40",1176
3672905.217000,38702.161000,256,1,1,256,1,1,149,10.757812,0,,,,,"Tesla V100-SXM2-16GB (0)","1","16","__omp_offloading_4d_546d56a0__Z11fasten_mainmimmmmPK4AtomS1_PKfS3_S3_S3_S3_S3_PK8FFParamsPf_l40",1188
3711711.478000,38710.735000,256,1,1,256,1,1,149,10.757812,0,,,,,"Tesla V100-SXM2-16GB (0)","1","16","__omp_offloading_4d_546d56a0__Z11fasten_mainmimmmmPK4AtomS1_PKfS3_S3_S3_S3_S3_PK8FFParamsPf_l40",1200
3750526.473000,38717.647000,256,1,1,256,1,1,149,10.757812,0,,,,,"Tesla V100-SXM2-16GB (0)","1","16","__omp_offloading_4d_546d56a0__Z11fasten_mainmimmmmPK4AtomS1_PKfS3_S3_S3_S3_S3_PK8FFParamsPf_l40",1212
3789348.476000,38711.825000,256,1,1,256,1,1,149,10.757812,0,,,,,"Tesla V100-SXM2-16GB (0)","1","16","__omp_offloading_4d_546d56a0__Z11fasten_mainmimmmmPK4AtomS1_PKfS3_S3_S3_S3_S3_PK8FFParamsPf_l40",1224
3828162.928000,38707.983000,256,1,1,256,1,1,149,10.757812,0,,,,,"Tesla V100-SXM2-16GB (0)","1","16","__omp_offloading_4d_546d56a0__Z11fasten_mainmimmmmPK4AtomS1_PKfS3_S3_S3_S3_S3_PK8FFParamsPf_l40",1236
3866973.795000,38712.752000,256,1,1,256,1,1,149,10.757812,0,,,,,"Tesla V100-SXM2-16GB (0)","1","16","__omp_offloading_4d_546d56a0__Z11fasten_mainmimmmmPK4AtomS1_PKfS3_S3_S3_S3_S3_PK8FFParamsPf_l40",1248
3905788.790000,38706.992000,256,1,1,256,1,1,149,10.757812,0,,,,,"Tesla V100-SXM2-16GB (0)","1","16","__omp_offloading_4d_546d56a0__Z11fasten_mainmimmmmPK4AtomS1_PKfS3_S3_S3_S3_S3_PK8FFParamsPf_l40",1260
3944598.761000,38702.704000,256,1,1,256,1,1,149,10.757812,0,,,,,"Tesla V100-SXM2-16GB (0)","1","16","__omp_offloading_4d_546d56a0__Z11fasten_mainmimmmmPK4AtomS1_PKfS3_S3_S3_S3_S3_PK8FFParamsPf_l40",1272
3983404.062000,38703.024000,256,1,1,256,1,1,149,10.757812,0,,,,,"Tesla V100-SXM2-16GB (0)","1","16","__omp_offloading_4d_546d56a0__Z11fasten_mainmimmmmPK4AtomS1_PKfS3_S3_S3_S3_S3_PK8FFParamsPf_l40",1284
4022210.801000,38696.591000,256,1,1,256,1,1,149,10.757812,0,,,,,"Tesla V100-SXM2-16GB (0)","1","16","__omp_offloading_4d_546d56a0__Z11fasten_mainmimmmmPK4AtomS1_PKfS3_S3_S3_S3_S3_PK8FFParamsPf_l40",1296
4061010.277000,38700.911000,256,1,1,256,1,1,149,10.757812,0,,,,,"Tesla V100-SXM2-16GB (0)","1","16","__omp_offloading_4d_546d56a0__Z11fasten_mainmimmmmPK4AtomS1_PKfS3_S3_S3_S3_S3_PK8FFParamsPf_l40",1308
4099813.015000,38722.928000,256,1,1,256,1,1,149,10.757812,0,,,,,"Tesla V100-SXM2-16GB (0)","1","16","__omp_offloading_4d_546d56a0__Z11fasten_mainmimmmmPK4AtomS1_PKfS3_S3_S3_S3_S3_PK8FFParamsPf_l40",1320
4138638.539000,38698.577000,256,1,1,256,1,1,149,10.757812,0,,,,,"Tesla V100-SXM2-16GB (0)","1","16","__omp_offloading_4d_546d56a0__Z11fasten_mainmimmmmPK4AtomS1_PKfS3_S3_S3_S3_S3_PK8FFParamsPf_l40",1332
4177442.462000,38704.176000,256,1,1,256,1,1,149,10.757812,0,,,,,"Tesla V100-SXM2-16GB (0)","1","16","__omp_offloading_4d_546d56a0__Z11fasten_mainmimmmmPK4AtomS1_PKfS3_S3_S3_S3_S3_PK8FFParamsPf_l40",1344
4216248.594000,38727.600000,256,1,1,256,1,1,149,10.757812,0,,,,,"Tesla V100-SXM2-16GB (0)","1","16","__omp_offloading_4d_546d56a0__Z11fasten_mainmimmmmPK4AtomS1_PKfS3_S3_S3_S3_S3_PK8FFParamsPf_l40",1356
4255073.189000,38720.496000,256,1,1,256,1,1,149,10.757812,0,,,,,"Tesla V100-SXM2-16GB (0)","1","16","__omp_offloading_4d_546d56a0__Z11fasten_mainmimmmmPK4AtomS1_PKfS3_S3_S3_S3_S3_PK8FFParamsPf_l40",1368
4293898.744000,38701.264000,256,1,1,256,1,1,149,10.757812,0,,,,,"Tesla V100-SXM2-16GB (0)","1","16","__omp_offloading_4d_546d56a0__Z11fasten_mainmimmmmPK4AtomS1_PKfS3_S3_S3_S3_S3_PK8FFParamsPf_l40",1380
4332768.108000,6.527000,,,,,,,,,,256.000000,37.404723,"Device","Pageable","Tesla V100-SXM2-16GB (0)","1","16","[CUDA memcpy DtoH]",1383
