==157177== NVPROF is profiling process 157177, command: python /p/vast1/ggeorgak/projects/compilers/numba/test/HeCBench/src/lavaMD-pyomp/main.py -boxes1d 30
==157177== Profiling application: python /p/vast1/ggeorgak/projects/compilers/numba/test/HeCBench/src/lavaMD-pyomp/main.py -boxes1d 30
==157177== Profiling result:
"Start","Duration","Grid X","Grid Y","Grid Z","Block X","Block Y","Block Z","Registers Per Thread","Static SMem","Dynamic SMem","Size","Throughput","SrcMemType","DstMemType","Device","Context","Stream","Name","Correlation_ID"
us,us,,,,,,,,KB,B,MB,GB/s,,,,,,,
5118232.726000,2.400000,,,,,,,,,,0.000001,0.000388,"Device","Pageable","Tesla V100-SXM2-16GB (0)","1","7","[CUDA memcpy DtoH]",935
5118270.550000,1.440000,,,,,,,,,,0.000015,0.010348,"Pageable","Device","Tesla V100-SXM2-16GB (0)","1","7","[CUDA memcpy HtoD]",937
5118633.494000,11.423000,,,,,,,,,,0.205994,17.610582,"Pageable","Device","Tesla V100-SXM2-16GB (0)","1","16","[CUDA memcpy HtoD]",943
5118662.518000,1.471000,,,,,,,,,,0.000008,0.005065,"Pageable","Device","Tesla V100-SXM2-16GB (0)","1","16","[CUDA memcpy HtoD]",947
5118677.365000,1.313000,,,,,,,,,,0.000008,0.005674,"Pageable","Device","Tesla V100-SXM2-16GB (0)","1","16","[CUDA memcpy HtoD]",951
5118689.749000,1.313000,,,,,,,,,,0.000008,0.005674,"Pageable","Device","Tesla V100-SXM2-16GB (0)","1","16","[CUDA memcpy HtoD]",954
5118747.894000,10.943000,,,,,,,,,,0.205994,18.383046,"Pageable","Device","Tesla V100-SXM2-16GB (0)","1","16","[CUDA memcpy HtoD]",961
5118768.629000,1.313000,,,,,,,,,,0.000008,0.005674,"Pageable","Device","Tesla V100-SXM2-16GB (0)","1","16","[CUDA memcpy HtoD]",966
5118780.053000,1.312000,,,,,,,,,,0.000008,0.005679,"Pageable","Device","Tesla V100-SXM2-16GB (0)","1","16","[CUDA memcpy HtoD]",969
5118791.988000,1.312000,,,,,,,,,,0.000008,0.005679,"Pageable","Device","Tesla V100-SXM2-16GB (0)","1","16","[CUDA memcpy HtoD]",972
5119289.107000,499.614000,,,,,,,,,,5.355835,10.468697,"Pageable","Device","Tesla V100-SXM2-16GB (0)","1","16","[CUDA memcpy HtoD]",979
5119800.336000,1.568000,,,,,,,,,,0.000008,0.004752,"Pageable","Device","Tesla V100-SXM2-16GB (0)","1","16","[CUDA memcpy HtoD]",986
5119811.506000,1.310000,,,,,,,,,,0.000015,0.011375,"Pageable","Device","Tesla V100-SXM2-16GB (0)","1","16","[CUDA memcpy HtoD]",989
5119823.536000,1.344000,,,,,,,,,,0.000015,0.011087,"Pageable","Device","Tesla V100-SXM2-16GB (0)","1","16","[CUDA memcpy HtoD]",992
5120399.534000,996.829000,,,,,,,,,,10.299683,10.090280,"Pageable","Device","Tesla V100-SXM2-16GB (0)","1","16","[CUDA memcpy HtoD]",999
5121405.035000,1.473000,,,,,,,,,,0.000008,0.005058,"Pageable","Device","Tesla V100-SXM2-16GB (0)","1","16","[CUDA memcpy HtoD]",1002
5121414.443000,1.312000,,,,,,,,,,0.000008,0.005679,"Pageable","Device","Tesla V100-SXM2-16GB (0)","1","16","[CUDA memcpy HtoD]",1005
5121426.667000,1.312000,,,,,,,,,,0.000008,0.005679,"Pageable","Device","Tesla V100-SXM2-16GB (0)","1","16","[CUDA memcpy HtoD]",1008
5122056.713000,979.707000,,,,,,,,,,10.299683,10.266624,"Pageable","Device","Tesla V100-SXM2-16GB (0)","1","16","[CUDA memcpy HtoD]",1015
5123055.334000,1.664000,,,,,,,,,,0.000008,0.004478,"Pageable","Device","Tesla V100-SXM2-16GB (0)","1","16","[CUDA memcpy HtoD]",1026
5123067.589000,1.312000,,,,,,,,,,0.000008,0.005679,"Pageable","Device","Tesla V100-SXM2-16GB (0)","1","16","[CUDA memcpy HtoD]",1029
5123079.524000,1.313000,,,,,,,,,,0.000008,0.005674,"Pageable","Device","Tesla V100-SXM2-16GB (0)","1","16","[CUDA memcpy HtoD]",1032
5123780.867000,977.052000,,,,,,,,,,10.299683,10.294523,"Pageable","Device","Tesla V100-SXM2-16GB (0)","1","16","[CUDA memcpy HtoD]",1039
5124765.599000,1.664000,,,,,,,,,,0.000008,0.004478,"Pageable","Device","Tesla V100-SXM2-16GB (0)","1","16","[CUDA memcpy HtoD]",1042
5124776.319000,1.313000,,,,,,,,,,0.000008,0.005674,"Pageable","Device","Tesla V100-SXM2-16GB (0)","1","16","[CUDA memcpy HtoD]",1045
5124787.967000,1.313000,,,,,,,,,,0.000008,0.005674,"Pageable","Device","Tesla V100-SXM2-16GB (0)","1","16","[CUDA memcpy HtoD]",1048
5125528.636000,972.444000,,,,,,,,,,10.299683,10.343304,"Pageable","Device","Tesla V100-SXM2-16GB (0)","1","16","[CUDA memcpy HtoD]",1055
5126510.040000,1.633000,,,,,,,,,,0.000008,0.004563,"Pageable","Device","Tesla V100-SXM2-16GB (0)","1","16","[CUDA memcpy HtoD]",1058
5126520.985000,1.280000,,,,,,,,,,0.000008,0.005821,"Pageable","Device","Tesla V100-SXM2-16GB (0)","1","16","[CUDA memcpy HtoD]",1061
5126532.791000,1.313000,,,,,,,,,,0.000008,0.005674,"Pageable","Device","Tesla V100-SXM2-16GB (0)","1","16","[CUDA memcpy HtoD]",1064
5127292.438000,990.939000,,,,,,,,,,10.299683,10.150255,"Pageable","Device","Tesla V100-SXM2-16GB (0)","1","16","[CUDA memcpy HtoD]",1071
5128291.346000,1.664000,,,,,,,,,,0.000008,0.004478,"Pageable","Device","Tesla V100-SXM2-16GB (0)","1","16","[CUDA memcpy HtoD]",1074
5128302.291000,1.310000,,,,,,,,,,0.000008,0.005687,"Pageable","Device","Tesla V100-SXM2-16GB (0)","1","16","[CUDA memcpy HtoD]",1077
5128313.970000,1.312000,,,,,,,,,,0.000008,0.005679,"Pageable","Device","Tesla V100-SXM2-16GB (0)","1","16","[CUDA memcpy HtoD]",1080
5129055.567000,504.285000,,,,,,,,,,10.299683,19.945634,"Pageable","Device","Tesla V100-SXM2-16GB (0)","1","16","[CUDA memcpy HtoD]",1087
5129572.877000,2.016000,,,,,,,,,,0.000008,0.003696,"Pageable","Device","Tesla V100-SXM2-16GB (0)","1","16","[CUDA memcpy HtoD]",1106
5129583.949000,1.279000,,,,,,,,,,0.000008,0.005825,"Pageable","Device","Tesla V100-SXM2-16GB (0)","1","16","[CUDA memcpy HtoD]",1109
5129595.628000,1.313000,,,,,,,,,,0.000008,0.005674,"Pageable","Device","Tesla V100-SXM2-16GB (0)","1","16","[CUDA memcpy HtoD]",1112
5130123.884000,496.862000,,,,,,,,,,10.299683,20.243617,"Pageable","Device","Tesla V100-SXM2-16GB (0)","1","16","[CUDA memcpy HtoD]",1119
5130630.441000,1.664000,,,,,,,,,,0.000008,0.004478,"Pageable","Device","Tesla V100-SXM2-16GB (0)","1","16","[CUDA memcpy HtoD]",1122
5130637.513000,1.312000,,,,,,,,,,0.000008,0.005679,"Pageable","Device","Tesla V100-SXM2-16GB (0)","1","16","[CUDA memcpy HtoD]",1125
5130644.169000,1.312000,,,,,,,,,,0.000008,0.005679,"Pageable","Device","Tesla V100-SXM2-16GB (0)","1","16","[CUDA memcpy HtoD]",1128
5131162.696000,499.102000,,,,,,,,,,10.299683,20.152762,"Pageable","Device","Tesla V100-SXM2-16GB (0)","1","16","[CUDA memcpy HtoD]",1135
5131670.022000,1.695000,,,,,,,,,,0.000008,0.004396,"Pageable","Device","Tesla V100-SXM2-16GB (0)","1","16","[CUDA memcpy HtoD]",1138
5131677.030000,1.312000,,,,,,,,,,0.000008,0.005679,"Pageable","Device","Tesla V100-SXM2-16GB (0)","1","16","[CUDA memcpy HtoD]",1141
5131683.174000,1.311000,,,,,,,,,,0.000008,0.005683,"Pageable","Device","Tesla V100-SXM2-16GB (0)","1","16","[CUDA memcpy HtoD]",1144
5132190.372000,506.078000,,,,,,,,,,10.299683,19.874968,"Pageable","Device","Tesla V100-SXM2-16GB (0)","1","16","[CUDA memcpy HtoD]",1151
5132704.258000,1.696000,,,,,,,,,,0.000008,0.004393,"Pageable","Device","Tesla V100-SXM2-16GB (0)","1","16","[CUDA memcpy HtoD]",1154
5132711.074000,1.311000,,,,,,,,,,0.000008,0.005683,"Pageable","Device","Tesla V100-SXM2-16GB (0)","1","16","[CUDA memcpy HtoD]",1157
5132717.186000,1.312000,,,,,,,,,,0.000008,0.005679,"Pageable","Device","Tesla V100-SXM2-16GB (0)","1","16","[CUDA memcpy HtoD]",1160
5133310.175000,321573.573000,27000,1,1,160,1,1,126,13.554688,0,,,,,"Tesla V100-SXM2-16GB (0)","1","16","__omp_offload_numba__ZN8__main__11device0coreB3v11B72cw51cXTLSUwv1kCKWVtQygGFLpiD5uDEnPLEymJ1TWDIokUyVBsiPSEJoKYRqARSSgSLaAIAExx34array_28int64_2c_202d_2c_20C_29_2a34array_28int64_2c_201d_2c_20C_29_2a34array_28int64_2c_201d_2c_20C_29_2ax36array_28float32_2c_201d_2c_20C_29_2a36array_28float32_2c_201d_2c_20C_29_2a36array_28float32_2c_201d_2c_20C_29_2a36array_28float32_2c_201d_2c_20C_29_2ad36array_28float32_2c_201d_2c_20C_29_2a36array_28float32_2c_201d_2c_20C_29_2a36array_28float32_2c_201d_2c_20C_29_2a36array_28float32_2c_201d_2c_20C_29_2a36array_28float32_2c_201d_2c_20C_29_2a",1225
5455049.319000,6433.672000,,,,,,,,,,10.299683,1.563382,"Device","Pageable","Tesla V100-SXM2-16GB (0)","1","16","[CUDA memcpy DtoH]",1228
5462306.028000,6527.977000,,,,,,,,,,10.299683,1.540796,"Device","Pageable","Tesla V100-SXM2-16GB (0)","1","16","[CUDA memcpy DtoH]",1230
5469688.562000,6513.864000,,,,,,,,,,10.299683,1.544135,"Device","Pageable","Tesla V100-SXM2-16GB (0)","1","16","[CUDA memcpy DtoH]",1232
5477058.999000,6585.672000,,,,,,,,,,10.299683,1.527298,"Device","Pageable","Tesla V100-SXM2-16GB (0)","1","16","[CUDA memcpy DtoH]",1234
